name;address
Филиал «Центральный»;Московская обл., г. Щелково, просп. Пролетарский, д. 1—1а 
Филиал «Центрально-Черноземный»;г. Воронеж, ул. Кирова, д. 11 (БЦ «Кирова, 11»)
Филиал «Среднерусский»;г. Тула, просп. Ленина, д. 106
Филиал «Северо-Западный»;г. Санкт-Петербург, ул. Лафонская, д. 3
Филиал;г. Калининград, просп. Ленинский, д. 5
Филиал «Южный»;г. Краснодар, ул. Дмитриевская Дамба, д. 11
Филиал «Приволжский»;г. Нижний Новгород, ул. Максима Горького, д. 65 Б
Филиал «Западно-Уральский»;г. Пермь, ул. Максима Горького, д. 77а
Филиал;Республика Башкортостан, г. Уфа, ул. Менделеева, д. 138
Филиал;Республика Татарстан, г. Казань, ул. Лево-Булачная, д. 32
Филиал «Поволжский»;г. Самара, ул. Ново-Садовая, д. 106а, стр. 1
Филиал «Уральский»;Свердловская обл., г. Екатеринбург, ул. Луначарского, д. 134в
Филиал;Ханты-Мансийский АО, г. Сургут, бул. Свободы, д. 12
Филиал;Ямало-Ненецкий АО, г. Новый Уренгой, ул. 26-го съезда КПСС, д. 4
Филиал;г. Кемерово, просп. Советский, д. 32
Филиал «Восточно-Сибирский»;г. Красноярск, ул. Маерчака, д. 10
Филиал «Западно-Сибирский»;г. Новосибирск, ул. Кавалерийская, д. 2
Филиал;г. Томск, пер. 1905 года, д. 7
Филиал «Дальневосточный»;Приморский край, г. Владивосток, ул. Светланская, д. 109а
Филиал «Северо-Кавказский»;г. Ставрополь, ул. Ленина, д. 429 Б
